Date,Source,Text_Data,Associated_Demand_Change
2025-08-01,News Headline,Major port strike anticipated in Asia; delays expected for electronics and apparel shipments.,High Volatility
2025-08-05,Customer Note,Customer called to increase their order by 30% due to strong projected holiday sales.,High Increase
2025-08-06,Social Media,"""My shipment is already two days late. Very frustrating service.""",Moderate Decrease
2025-08-08,Sales Call Note,Client is exploring new local suppliers after current international rates became too high. Potential long-term demand shift.,Moderate Decrease
2025-08-15,Economic News,Government announces infrastructure spending bill focused on construction materials.,Moderate Increase
2025-08-16,Supplier E-mail,"""We are experiencing a temporary closure at our primary manufacturing plant due to unexpected maintenance. All shipments will be delayed by 7âˆ’10 days.""",High Volatility
2025-08-18,News Headline,"""A new competitor has just launched a lower-priced alternative to our flagship product. Analysts predict a 15% market share shift.""",High Decrease
2025-08-18,E-Commerce Review,"""The new 'Product` is fantastic, The battery life is double the old version. Already convinced three friends to buy one.""",High Increase
2025-08-20,Analyst Report Snippet,"""We maintain a 'Strong Buy' rating for the sector, noting that disposable income trends are strong heading into the next two quarters.""",Moderate Increase
2025-10-01,Diplomatic Report,"""Trade talks between Country A and Country B have broken down; new tariffs on goods exported from Country B are expected next month.""",High Increase
2025-09-05,Supplier E-mail,"""We are experiencing a high demand in production which has affected the capacity of the warehouse causing delays in delivery""",Moderate Decrease
2025-09-06,News Headline,"""A rise in fuel prices has caused a spike in operational costs, causing companies to increase freight costs for customers""",Moderate Decrease
2025-09-08,Customer Note,Customer called to complain about the delay in the delivery of his/her goods ,High  Decrease
2025-09-15,News Headline,"""Government announces a shortage in the procurement of raw materials, and delays in production are to be expected""",High Volatility
2025-09-16,Social Media,"""One of the workers has expressed how they are subjected to long working hours without adequate remuneration""",High Decrease
2025-09-18,News Headline,"Major Strike anticipated company X , due to unresolved labour issues",High Decrease
2025-09-18,Diplomatic Report,"""The President of Botswana and  South Africa have agreed to extend their partnership in trade for 10 more years""",High Increase
2025-09-20,E-Commerce Review,"""They have a lot of products to choose from for your satisfaction""",Moderate Increase
2025-9,News Headline,"""Taxi strike in the CBD has stopped many companies from operating due to the shoratage of staff members""",Moderate Decrease
2025-09-26,Social Media,"""They offer the best service all the time""",High Increase
2025-09-27,Economic News,"""The country is anticipated to undergo a recession phase, which is predicted to decrease production by 15%""",High Decrease
2025-9,E-Commerce Review,"""The competition is creating a much better product than  the company""",High Decrease
2025-10-01,Diplomatic Report,"""South Africa has introduced better trading tarrifs for neighbouring countries""",High Increase
2025-10-3,Customer Note,Client is proposing that you increase his demand by 10%,Moderate Increase
2025-10-04,Customer Note,Client has recommended the company to other companies,High Increase
2025-10-05,Economic News,"""Moodys places South Africa in ""Junk Status""",HIgh Volatility
2025-10-06,Sales Call Note,"The client is proposing a 5-year contract with the company, after the current international rates decreased by 25%. Potential long-term demand shift.",High Increase
2025-10-07,Social Media,"""The delivery was fast and efficient""",Moderate Increase
2025-10-08,Diplomatic Report,"""New trade regulations have been implemented allowing companies to bypass some trade barries""",Moderate Increase
2025-10-08,Analyst Report,Analyst upgraded stock to 'Strong Buy' after record Q4 earnings report.,High Increase
2025-10-09,News Headline,"New product launch is smashing all sales expectations, 50% above forecast.",High Increase
2025-10-10,Sales Call Note,Client signed a massive 10-year supply contract with an exclusivity clause.,High Increase
2025-10-11,Economic News,Strong global economic forecast suggesting robust consumer spending for two years.,High Increase
2025-10-12,Diplomatic Report,The company's patent on their flagship technology was successfully defended in court.,High Increase
2025-10-13,Regulatory News,Positive regulatory changes open up a new 5-billion dollar market segment.,High Increase
2025-10-14,News Headline,Our primary competitor faced a major recall and is suspending operations for a month.,High Increase
2025-10-15,E-Commerce Review,A major retailer added our full product line to all 500 of their stores.,High Increase
2025-10-16,Analyst Report,Seasonal demand is slightly higher than expected for this quarter.,Moderate Increase
2025-10-17,Customer Note,Customer feedback on the new user interface has been largely positive.,Moderate Increase
2025-10-18,Social Media,Our marketing campaign saw a 15% better click-through rate than the last one.,Moderate Increase
2025-10-19,Customer Note,Client placed a larger than usual recurring order for the next quarter.,Moderate Increase
2025-10-20,Economic News,Slight decrease in raw material costs projected for the next two months.,Moderate Increase
2025-10-21,News Headline,Minor competitor exited the market in the North region.,Moderate Increase
2025-10-22,Supplier E-mail,New efficiency protocol reduced production time by 5%.,Moderate Increase
2025-10-23,Economic News,Hiring trends indicate a slight boost in confidence in the manufacturing sector.,Moderate Increase
2025-10-24,Supplier E-mail,"Major factory fire will halt production for 6 months, entire inventory destroyed.",High Decrease
2025-10-25,Regulatory News,The introduction of a new carbon tax will increase operational costs by 40%.,High Decrease
2025-10-26,Sales Call Note,"Major client filed for bankruptcy, leading to cancellation of all pending orders.",High Decrease
2025-10-27,News Headline,A cheaper substitute product with better features was launched by a new rival.,High Decrease
2025-10-28,Regulatory News,Regulators announced a ban on our key ingredient starting next year.,High Decrease
2025-10-29,Economic News,Severe global shipping crisis causing 3-month delays and tripling logistics costs.,High Decrease
2025-10-30,Analyst Report,"Internal audit revealed a massive financial misstatement, stock plummeted 35%.",High Decrease
2025-10-31,News Headline,Our core product was linked to a major safety hazard in a news report.,High Decrease
2025-11-01,Diplomatic Report,A critical patent expired and several major players are entering the market.,High Decrease
2025-11-02,E-Commerce Review,"A minor competitor is offering a 5% discount, causing slight market pressure.",Moderate Decrease
2025-11-03,Social Media,Customer loyalty scores dropped 8 points due to one-off service complaints.,Moderate Decrease
2025-11-04,Supplier E-mail,Delay in product certification pushed back launch date by one month.,Moderate Decrease
2025-11-05,Social Media,Negative social media trend criticizing the product design is spreading.,Moderate Decrease
2025-11-06,Analyst Report,"Inventory levels are higher than targeted, suggesting weaker sales velocity.",Moderate Decrease
2025-11-07,Economic News,A slight economic downturn in the Western region is affecting retail sales.,Moderate Decrease
2025-11-08,Customer Note,Client reduced their standing order volume by 10% for the upcoming season.,Moderate Decrease
2025-11-09,Sales Call Note,Slight increase in labor costs negotiated with the union.,Moderate Decrease
2025-11-10,Analyst Report,Forecasted sales for next quarter were revised down by 7%.,Moderate Decrease
2025-11-11,Supplier E-mail,Logistics partner increased shipping fees due to rising fuel costs.,Moderate Decrease
2025-11-12,News Headline,Uncertainty in upcoming election results is freezing all major capital expenditure decisions.,High Volatility
2025-11-13,Economic News,Major currency exchange rate spiked 15% in one day.,High Volatility
2025-11-14,Diplomatic Report,Global supply chain alert issued due to sudden geopolitical conflict.,High Volatility
2025-11-15,Economic News,Central Bank unexpectedly raised interest rates by 100 basis points.,High Volatility
2025-11-16,News Headline,A large-scale environmental disaster has created massive uncertainty in the energy sector.,High Volatility
2025-11-17,Regulatory News,Government initiated a surprise review of all major trade agreements.,High Volatility
2025-11-18,Analyst Report,Unconfirmed rumors of a major company merger are causing market chaos.,High Volatility
2025-11-19,Supplier E-mail,A critical tech supplier announced they are changing their business model entirely.,High Volatility
2025-11-20,News Headline,Sudden weather event disrupts shipping lanes for an unknown duration.,High Volatility
2025-11-21,Economic News,The market is reacting wildly to conflicting signals from leading analysts.,High Volatility
2025-11-22,News Headline,A new virus outbreak is being reported in key manufacturing hubs.,High Volatility
2025-11-23,Economic News,Commodity prices swing violently on news of a major stockpile release.,High Volatility
2025-11-24,Diplomatic Report,News report indicates possible intervention in trade by a foreign power.,High Volatility
2025-11-25,Social Media,Investors are panicking due to a series of cryptic tweets from a major figure.,High Volatility
2025-11-26,News Headline,Key government official resigns abruptly with no explanation.,High Volatility
2025-11-27,Regulatory News,"Trade tariffs are rumored to be changing next week, no official confirmation.",High Volatility
2025-11-28,News Headline,"Labor negotiations reached an impasse, potential for industry-wide strike.",High Volatility
2025-11-29,Supplier E-mail,"Blackout announced for manufacturing hub, production impact unknown.",High Volatility
2025-11-30,Economic News,Severe political tension is causing capital flight from the sector.,High Volatility
2025-12-01,Analyst Report,Wild fluctuations in the stock market are making forecasting impossible.,High Volatility
2025-12-02,Regulatory News,International court decision casts doubt on intellectual property rights.,High Volatility
2025-12-03,News Headline,"Large scale hack reported, sensitive company data potentially compromised.",High Volatility
2025-12-04,Economic News,The price of the main input material jumped 50% overnight.,High Volatility
2025-12-05,Analyst Report,"Market analyst warns of 'bubble' in the sector, causing sharp selling.",High Volatility
2025-12-06,Supplier E-mail,Unknown drone activity spotted near manufacturing facilities.,High Volatility
2025-09-02,Regulatory News,New government regulation effective next month bans the use of our primary additive in all products. Massive product overhaul required.,High Decrease
2025-09-03,Economic News,The price of key commodity 'Z' swung by 35% this week based on unverified market gossip and speculation.,High Volatility
2025-09-04,Analyst Report,"Unknown foreign entity purchased a 15% stake in the company overnight, leading to extreme stock price fluctuations and high uncertainty.",High Volatility
2025-09-05,Economic News,The price of key commodity 'Z' swung by 39% this week based on unverified market gossip and speculation.,High Volatility
2025-09-06,Supplier E-mail,"Extreme weather event in region 1 is forecasted, potentially impacting logistics for an indeterminate time.",High Volatility
2025-09-07,News Headline,Major class-action lawsuit filed citing product defect in batch 2. Immediate suspension of all sales recommended.,High Decrease
2025-09-08,News Headline,"Following a global health announcement, demand for our specialized product line 35 has doubled overnight.",High Increase
2025-09-09,News Headline,Major class-action lawsuit filed citing product defect in batch 15. Immediate suspension of all sales recommended.,High Decrease
2025-09-10,Economic News,The price of key commodity 'Z' swung by 39% this week based on unverified market gossip and speculation.,High Volatility
2025-09-11,News Headline,"Following a global health announcement, demand for our specialized product line 17 has doubled overnight.",High Increase
2025-09-12,News Headline,Major class-action lawsuit filed citing product defect in batch 25. Immediate suspension of all sales recommended.,High Decrease
2025-09-13,News Headline,"Following a global health announcement, demand for our specialized product line 12 has doubled overnight.",High Increase
2025-09-14,Analyst Report,"Unknown foreign entity purchased a 15% stake in the company overnight, leading to extreme stock price fluctuations and high uncertainty.",High Volatility
2025-09-15,Analyst Report,Customer satisfaction survey results show a record high score of 95% in Q3. Positive sentiment across all regions.,High Increase
2025-09-16,News Headline,"The CEO released a cryptic public statement suggesting a 'paradigm shift' but provided no details, causing market panic.",High Volatility
2025-09-17,Analyst Report,"Unknown foreign entity purchased a 15% stake in the company overnight, leading to extreme stock price fluctuations and high uncertainty.",High Volatility
2025-09-18,Economic News,The price of key commodity 'Z' swung by 30% this week based on unverified market gossip and speculation.,High Volatility
2025-09-19,Analyst Report,Customer satisfaction survey results show a record high score of 95% in Q1. Positive sentiment across all regions.,High Increase
2025-09-20,News Headline,"Following a global health announcement, demand for our specialized product line 25 has doubled overnight.",High Increase
2025-09-21,News Headline,"The CEO released a cryptic public statement suggesting a 'paradigm shift' but provided no details, causing market panic.",High Volatility
2025-09-22,News Headline,"The CEO released a cryptic public statement suggesting a 'paradigm shift' but provided no details, causing market panic.",High Volatility
2025-09-23,Supplier E-mail,"Extreme weather event in region 4 is forecasted, potentially impacting logistics for an indeterminate time.",High Volatility
2025-09-24,News Headline,"Following a global health announcement, demand for our specialized product line 32 has doubled overnight.",High Increase
2025-09-25,Regulatory News,New government regulation effective next month bans the use of our primary additive in all products. Massive product overhaul required.,High Decrease
2025-09-26,News Headline,"Following a global health announcement, demand for our specialized product line 10 has doubled overnight.",High Increase
2025-09-27,Supplier E-mail,"Extreme weather event in region 3 is forecasted, potentially impacting logistics for an indeterminate time.",High Volatility
2025-09-28,Economic News,The price of key commodity 'Z' swung by 39% this week based on unverified market gossip and speculation.,High Volatility
2025-09-29,Supplier E-mail,"Extreme weather event in region 2 is forecasted, potentially impacting logistics for an indeterminate time.",High Volatility
2025-09-30,Supplier E-mail,"Extreme weather event in region 4 is forecasted, potentially impacting logistics for an indeterminate time.",High Volatility
2025-10-01,News Headline,"Following a global health announcement, demand for our specialized product line 49 has doubled overnight.",High Increase
2025-10-02,Analyst Report,"Unknown foreign entity purchased a 15% stake in the company overnight, leading to extreme stock price fluctuations and high uncertainty.",High Volatility
2025-10-03,Regulatory News,New government regulation effective next month bans the use of our primary additive in all products. Massive product overhaul required.,High Decrease
2025-10-04,News Headline,Major class-action lawsuit filed citing product defect in batch 14. Immediate suspension of all sales recommended.,High Decrease
2025-10-05,Economic News,The price of key commodity 'Z' swung by 36% this week based on unverified market gossip and speculation.,High Volatility
2025-10-06,News Headline,Major class-action lawsuit filed citing product defect in batch 39. Immediate suspension of all sales recommended.,High Decrease
2025-10-07,News Headline,"The CEO released a cryptic public statement suggesting a 'paradigm shift' but provided no details, causing market panic.",High Volatility
2025-10-08,Analyst Report,"Unknown foreign entity purchased a 15% stake in the company overnight, leading to extreme stock price fluctuations and high uncertainty.",High Volatility
2025-10-09,Analyst Report,Customer satisfaction survey results show a record high score of 95% in Q2. Positive sentiment across all regions.,High Increase
2025-10-10,Analyst Report,Customer satisfaction survey results show a record high score of 95% in Q2. Positive sentiment across all regions.,High Increase
2025-10-11,Economic News,The price of key commodity 'Z' swung by 24% this week based on unverified market gossip and speculation.,High Volatility
2025-10-12,News Headline,Major class-action lawsuit filed citing product defect in batch 30. Immediate suspension of all sales recommended.,High Decrease
2025-10-13,Analyst Report,"Unknown foreign entity purchased a 15% stake in the company overnight, leading to extreme stock price fluctuations and high uncertainty.",High Volatility
2025-10-14,Regulatory News,New government regulation effective next month bans the use of our primary additive in all products. Massive product overhaul required.,High Decrease
2025-10-15,Analyst Report,Customer satisfaction survey results show a record high score of 95% in Q3. Positive sentiment across all regions.,High Increase
2025-10-16,Analyst Report,"Unknown foreign entity purchased a 15% stake in the company overnight, leading to extreme stock price fluctuations and high uncertainty.",High Volatility
2025-10-17,Economic News,The price of key commodity 'Z' swung by 30% this week based on unverified market gossip and speculation.,High Volatility
2025-10-18,News Headline,"Following a global health announcement, demand for our specialized product line 28 has doubled overnight.",High Increase
2025-10-19,Regulatory News,New government regulation effective next month bans the use of our primary additive in all products. Massive product overhaul required.,High Decrease
2025-10-20,Regulatory News,New government regulation effective next month bans the use of our primary additive in all products. Massive product overhaul required.,High Decrease
2025-10-21,News Headline,Major class-action lawsuit filed citing product defect in batch 26. Immediate suspension of all sales recommended.,High Decrease
2025-10-22,Regulatory News,New government regulation effective next month bans the use of our primary additive in all products. Massive product overhaul required.,High Decrease
2025-10-23,Analyst Report,Customer satisfaction survey results show a record high score of 95% in Q4. Positive sentiment across all regions.,High Increase
2025-10-24,News Headline,"Following a global health announcement, demand for our specialized product line 44 has doubled overnight.",High Increase
2025-10-25,Supplier E-mail,"Extreme weather event in region 3 is forecasted, potentially impacting logistics for an indeterminate time.",High Volatility
2025-10-26,Economic News,The price of key commodity 'Z' swung by 35% this week based on unverified market gossip and speculation.,High Volatility
2025-10-27,News Headline,Major class-action lawsuit filed citing product defect in batch 21. Immediate suspension of all sales recommended.,High Decrease
2025-10-28,News Headline,"The CEO released a cryptic public statement suggesting a 'paradigm shift' but provided no details, causing market panic.",High Volatility
2025-10-29,Regulatory News,New government regulation effective next month bans the use of our primary additive in all products. Massive product overhaul required.,High Decrease
2025-10-30,Regulatory News,New government regulation effective next month bans the use of our primary additive in all products. Massive product overhaul required.,High Decrease
2025-10-31,Analyst Report,Customer satisfaction survey results show a record high score of 95% in Q3. Positive sentiment across all regions.,High Increase
2025-11-01,Analyst Report,"Unknown foreign entity purchased a 15% stake in the company overnight, leading to extreme stock price fluctuations and high uncertainty.",High Volatility
2025-11-02,News Headline,Major class-action lawsuit filed citing product defect in batch 20. Immediate suspension of all sales recommended.,High Decrease
2025-11-03,News Headline,"The CEO released a cryptic public statement suggesting a 'paradigm shift' but provided no details, causing market panic.",High Volatility
2025-11-04,News Headline,"Following a global health announcement, demand for our specialized product line 41 has doubled overnight.",High Increase
2025-11-05,News Headline,"Following a global health announcement, demand for our specialized product line 42 has doubled overnight.",High Increase
2025-11-06,Supplier E-mail,"Extreme weather event in region 2 is forecasted, potentially impacting logistics for an indeterminate time.",High Volatility
2025-11-07,News Headline,Major class-action lawsuit filed citing product defect in batch 48. Immediate suspension of all sales recommended.,High Decrease
2025-11-08,News Headline,Major class-action lawsuit filed citing product defect in batch 36. Immediate suspension of all sales recommended.,High Decrease
2025-11-09,News Headline,Major class-action lawsuit filed citing product defect in batch 1. Immediate suspension of all sales recommended.,High Decrease
2025-11-10,News Headline,"The CEO released a cryptic public statement suggesting a 'paradigm shift' but provided no details, causing market panic.",High Volatility
2025-11-11,Supplier E-mail,"Extreme weather event in region 4 is forecasted, potentially impacting logistics for an indeterminate time.",High Volatility
2025-11-12,News Headline,Major class-action lawsuit filed citing product defect in batch 10. Immediate suspension of all sales recommended.,High Decrease
2025-11-13,Economic News,The price of key commodity 'Z' swung by 30% this week based on unverified market gossip and speculation.,High Volatility
2025-11-14,News Headline,"The CEO released a cryptic public statement suggesting a 'paradigm shift' but provided no details, causing market panic.",High Volatility
2025-11-15,Supplier E-mail,"Extreme weather event in region 2 is forecasted, potentially impacting logistics for an indeterminate time.",High Volatility
2025-11-16,Analyst Report,Customer satisfaction survey results show a record high score of 95% in Q3. Positive sentiment across all regions.,High Increase
2025-11-17,News Headline,"Following a global health announcement, demand for our specialized product line 3 has doubled overnight.",High Increase
2025-11-18,News Headline,Major class-action lawsuit filed citing product defect in batch 43. Immediate suspension of all sales recommended.,High Decrease
2025-11-19,Supplier E-mail,"Extreme weather event in region 1 is forecasted, potentially impacting logistics for an indeterminate time.",High Volatility
2025-11-20,News Headline,"The CEO released a cryptic public statement suggesting a 'paradigm shift' but provided no details, causing market panic.",High Volatility
2025-11-21,Economic News,The price of key commodity 'Z' swung by 20% this week based on unverified market gossip and speculation.,High Volatility
2025-11-22,News Headline,Major class-action lawsuit filed citing product defect in batch 5. Immediate suspension of all sales recommended.,High Decrease
2025-11-23,Analyst Report,Customer satisfaction survey results show a record high score of 95% in Q1. Positive sentiment across all regions.,High Increase
2025-11-24,News Headline,Major class-action lawsuit filed citing product defect in batch 4. Immediate suspension of all sales recommended.,High Decrease
2025-11-25,Analyst Report,Customer satisfaction survey results show a record high score of 95% in Q2. Positive sentiment across all regions.,High Increase
2025-11-26,Analyst Report,Customer satisfaction survey results show a record high score of 95% in Q4. Positive sentiment across all regions.,High Increase
2025-11-27,News Headline,"Following a global health announcement, demand for our specialized product line 38 has doubled overnight.",High Increase
2025-11-28,News Headline,Major class-action lawsuit filed citing product defect in batch 19. Immediate suspension of all sales recommended.,High Decrease
2025-11-29,News Headline,"Following a global health announcement, demand for our specialized product line 34 has doubled overnight.",High Increase
2025-11-30,Analyst Report,Customer satisfaction survey results show a record high score of 95% in Q1. Positive sentiment across all regions.,High Increase
2025-12-01,News Headline,Major class-action lawsuit filed citing product defect in batch 18. Immediate suspension of all sales recommended.,High Decrease
2025-12-02,Regulatory News,New government regulation effective next month bans the use of our primary additive in all products. Massive product overhaul required.,High Decrease
2025-12-03,Regulatory News,New government regulation effective next month bans the use of our primary additive in all products. Massive product overhaul required.,High Decrease
2025-12-04,News Headline,Major class-action lawsuit filed citing product defect in batch 50. Immediate suspension of all sales recommended.,High Decrease
2025-12-05,Analyst Report,Customer satisfaction survey results show a record high score of 95% in Q2. Positive sentiment across all regions.,High Increase
2025-12-06,Analyst Report,"Unknown foreign entity purchased a 15% stake in the company overnight, leading to extreme stock price fluctuations and high uncertainty.",High Volatility
2025-12-07,Regulatory News,New government regulation effective next month bans the use of our primary additive in all products. Massive product overhaul required.,High Decrease
2025-12-08,News Headline,Major class-action lawsuit filed citing product defect in batch 9. Immediate suspension of all sales recommended.,High Decrease
2025-12-09,News Headline,Major class-action lawsuit filed citing product defect in batch 34. Immediate suspension of all sales recommended.,High Decrease
2025-12-10,Analyst Report,Customer satisfaction survey results show a record high score of 95% in Q2. Positive sentiment across all regions.,High Increase
2025-12-11,News Headline,Major class-action lawsuit filed citing product defect in batch 12. Immediate suspension of all sales recommended.,High Decrease
2025-12-12,Supplier E-mail,"Extreme weather event in region 4 is forecasted, potentially impacting logistics for an indeterminate time.",High Volatility
2025-12-13,News Headline,"Following a global health announcement, demand for our specialized product line 36 has doubled overnight.",High Increase
2025-12-14,Analyst Report,Customer satisfaction survey results show a record high score of 95% in Q1. Positive sentiment across all regions.,High Increase
2025-12-15,News Headline,Major class-action lawsuit filed citing product defect in batch 17. Immediate suspension of all sales recommended.,High Decrease
2025-12-16,News Headline,"The CEO released a cryptic public statement suggesting a 'paradigm shift' but provided no details, causing market panic.",High Volatility
2025-12-17,News Headline,Major class-action lawsuit filed citing product defect in batch 47. Immediate suspension of all sales recommended.,High Decrease
2025-12-18,News Headline,"Following a global health announcement, demand for our specialized product line 15 has doubled overnight.",High Increase
2025-12-19,News Headline,Major class-action lawsuit filed citing product defect in batch 44. Immediate suspension of all sales recommended.,High Decrease
2025-12-20,News Headline,Major class-action lawsuit filed citing product defect in batch 46. Immediate suspension of all sales recommended.,High Decrease
2025-12-21,News Headline,"Following a global health announcement, demand for our specialized product line 26 has doubled overnight.",High Increase
2025-12-22,Regulatory News,New government regulation effective next month bans the use of our primary additive in all products. Massive product overhaul required.,High Decrease
2025-12-23,News Headline,"The CEO released a cryptic public statement suggesting a 'paradigm shift' but provided no details, causing market panic.",High Volatility
2025-12-24,News Headline,"Following a global health announcement, demand for our specialized product line 2 has doubled overnight.",High Increase
2025-12-25,Economic News,The price of key commodity 'Z' swung by 34% this week based on unverified market gossip and speculation.,High Volatility
2025-12-26,Supplier E-mail,"Extreme weather event in region 1 is forecasted, potentially impacting logistics for an indeterminate time.",High Volatility
2025-12-27,Regulatory News,New government regulation effective next month bans the use of our primary additive in all products. Massive product overhaul required.,High Decrease
2025-12-28,Analyst Report,Customer satisfaction survey results show a record high score of 95% in Q4. Positive sentiment across all regions.,High Increase
2025-12-29,News Headline,"Following a global health announcement, demand for our specialized product line 18 has doubled overnight.",High Increase
2025-12-30,News Headline,"Following a global health announcement, demand for our specialized product line 23 has doubled overnight.",High Increase
2025-12-31,News Headline,"The CEO released a cryptic public statement suggesting a 'paradigm shift' but provided no details, causing market panic.",High Volatility
2026-01-01,Analyst Report,Customer satisfaction survey results show a record high score of 95% in Q4. Positive sentiment across all regions.,High Increase
2026-01-02,Regulatory News,New government regulation effective next month bans the use of our primary additive in all products. Massive product overhaul required.,High Decrease
2026-01-03,News Headline,"The CEO released a cryptic public statement suggesting a 'paradigm shift' but provided no details, causing market panic.",High Volatility
2026-01-04,Analyst Report,"Unknown foreign entity purchased a 15% stake in the company overnight, leading to extreme stock price fluctuations and high uncertainty.",High Volatility
2026-01-05,Analyst Report,Customer satisfaction survey results show a record high score of 95% in Q4. Positive sentiment across all regions.,High Increase
2026-01-06,Analyst Report,Customer satisfaction survey results show a record high score of 95% in Q4. Positive sentiment across all regions.,High Increase
2026-01-07,Analyst Report,Customer satisfaction survey results show a record high score of 95% in Q4. Positive sentiment across all regions.,High Increase
2026-01-08,Economic News,The price of key commodity 'Z' swung by 20% this week based on unverified market gossip and speculation.,High Volatility
2026-01-09,News Headline,"The CEO released a cryptic public statement suggesting a 'paradigm shift' but provided no details, causing market panic.",High Volatility
2026-01-10,News Headline,Major class-action lawsuit filed citing product defect in batch 8. Immediate suspension of all sales recommended.,High Decrease
2026-01-11,Regulatory News,New government regulation effective next month bans the use of our primary additive in all products. Massive product overhaul required.,High Decrease
2026-01-12,Regulatory News,New government regulation effective next month bans the use of our primary additive in all products. Massive product overhaul required.,High Decrease
2026-01-13,Analyst Report,Customer satisfaction survey results show a record high score of 95% in Q2. Positive sentiment across all regions.,High Increase
2026-01-14,Regulatory News,New government regulation effective next month bans the use of our primary additive in all products. Massive product overhaul required.,High Decrease
2026-01-15,Supplier E-mail,"Extreme weather event in region 1 is forecasted, potentially impacting logistics for an indeterminate time.",High Volatility
2026-01-16,News Headline,"Following a global health announcement, demand for our specialized product line 46 has doubled overnight.",High Increase
2026-01-17,News Headline,"The CEO released a cryptic public statement suggesting a 'paradigm shift' but provided no details, causing market panic.",High Volatility
2026-01-18,News Headline,"Following a global health announcement, demand for our specialized product line 43 has doubled overnight.",High Increase
2026-01-19,Analyst Report,"Unknown foreign entity purchased a 15% stake in the company overnight, leading to extreme stock price fluctuations and high uncertainty.",High Volatility
2026-01-20,Economic News,The price of key commodity 'Z' swung by 40% this week based on unverified market gossip and speculation.,High Volatility
2026-01-21,Analyst Report,Customer satisfaction survey results show a record high score of 95% in Q2. Positive sentiment across all regions.,High Increase
2026-01-22,Supplier E-mail,"Extreme weather event in region 4 is forecasted, potentially impacting logistics for an indeterminate time.",High Volatility
2026-01-23,Analyst Report,"Unknown foreign entity purchased a 15% stake in the company overnight, leading to extreme stock price fluctuations and high uncertainty.",High Volatility
2026-01-24,Supplier E-mail,"Extreme weather event in region 2 is forecasted, potentially impacting logistics for an indeterminate time.",High Volatility
2026-01-25,Regulatory News,New government regulation effective next month bans the use of our primary additive in all products. Massive product overhaul required.,High Decrease
2026-01-26,Analyst Report,Customer satisfaction survey results show a record high score of 95% in Q2. Positive sentiment across all regions.,High Increase
2026-01-27,Regulatory News,New government regulation effective next month bans the use of our primary additive in all products. Massive product overhaul required.,High Decrease
2026-01-28,Analyst Report,"Unknown foreign entity purchased a 15% stake in the company overnight, leading to extreme stock price fluctuations and high uncertainty.",High Volatility
2026-01-29,News Headline,"Following a global health announcement, demand for our specialized product line 1 has doubled overnight.",High Increase
2026-01-30,Analyst Report,Customer satisfaction survey results show a record high score of 95% in Q2. Positive sentiment across all regions.,High Increase
2026-01-31,News Headline,"The CEO released a cryptic public statement suggesting a 'paradigm shift' but provided no details, causing market panic.",High Volatility
2026-02-01,News Headline,Major class-action lawsuit filed citing product defect in batch 3. Immediate suspension of all sales recommended.,High Decrease
2026-02-02,News Headline,Major class-action lawsuit filed citing product defect in batch 38. Immediate suspension of all sales recommended.,High Decrease
2026-02-03,Supplier E-mail,"Extreme weather event in region 3 is forecasted, potentially impacting logistics for an indeterminate time.",High Volatility
2026-02-04,Analyst Report,Customer satisfaction survey results show a record high score of 95% in Q1. Positive sentiment across all regions.,High Increase
2026-02-05,News Headline,"The CEO released a cryptic public statement suggesting a 'paradigm shift' but provided no details, causing market panic.",High Volatility
2026-02-06,News Headline,"The CEO released a cryptic public statement suggesting a 'paradigm shift' but provided no details, causing market panic.",High Volatility
2026-02-07,Regulatory News,New government regulation effective next month bans the use of our primary additive in all products. Massive product overhaul required.,High Decrease
2026-02-08,Regulatory News,New government regulation effective next month bans the use of our primary additive in all products. Massive product overhaul required.,High Decrease
2026-02-09,Analyst Report,Customer satisfaction survey results show a record high score of 95% in Q3. Positive sentiment across all regions.,High Increase
2026-02-10,Regulatory News,New government regulation effective next month bans the use of our primary additive in all products. Massive product overhaul required.,High Decrease
2026-02-11,News Headline,"Following a global health announcement, demand for our specialized product line 13 has doubled overnight.",High Increase
2026-02-12,News Headline,"Following a global health announcement, demand for our specialized product line 6 has doubled overnight.",High Increase
2026-02-13,News Headline,"Following a global health announcement, demand for our specialized product line 5 has doubled overnight.",High Increase
2026-02-14,Regulatory News,New government regulation effective next month bans the use of our primary additive in all products. Massive product overhaul required.,High Decrease
2026-02-15,News Headline,"The CEO released a cryptic public statement suggesting a 'paradigm shift' but provided no details, causing market panic.",High Volatility
2026-02-16,Supplier E-mail,"Extreme weather event in region 3 is forecasted, potentially impacting logistics for an indeterminate time.",High Volatility
2026-02-17,Analyst Report,"Unknown foreign entity purchased a 15% stake in the company overnight, leading to extreme stock price fluctuations and high uncertainty.",High Volatility
2026-02-18,Economic News,The price of key commodity 'Z' swung by 20% this week based on unverified market gossip and speculation.,High Volatility
2026-02-19,Regulatory News,New government regulation effective next month bans the use of our primary additive in all products. Massive product overhaul required.,High Decrease
2026-02-20,Analyst Report,"Unknown foreign entity purchased a 15% stake in the company overnight, leading to extreme stock price fluctuations and high uncertainty.",High Volatility
2026-02-21,News Headline,Major class-action lawsuit filed citing product defect in batch 33. Immediate suspension of all sales recommended.,High Decrease
2026-02-22,Analyst Report,"Unknown foreign entity purchased a 15% stake in the company overnight, leading to extreme stock price fluctuations and high uncertainty.",High Volatility
2026-02-23,News Headline,Major class-action lawsuit filed citing product defect in batch 40. Immediate suspension of all sales recommended.,High Decrease
2026-02-24,News Headline,"Following a global health announcement, demand for our specialized product line 47 has doubled overnight.",High Increase
2026-02-25,Regulatory News,New government regulation effective next month bans the use of our primary additive in all products. Massive product overhaul required.,High Decrease
2026-02-26,News Headline,"Following a global health announcement, demand for our specialized product line 48 has doubled overnight.",High Increase
2026-02-27,Regulatory News,New government regulation effective next month bans the use of our primary additive in all products. Massive product overhaul required.,High Decrease
2026-02-28,Economic News,The price of key commodity 'Z' swung by 25% this week based on unverified market gossip and speculation.,High Volatility
2026-03-01,Regulatory News,New government regulation effective next month bans the use of our primary additive in all products. Massive product overhaul required.,High Decrease
2026-03-02,Regulatory News,New government regulation effective next month bans the use of our primary additive in all products. Massive product overhaul required.,High Decrease
2026-03-03,News Headline,Major class-action lawsuit filed citing product defect in batch 37. Immediate suspension of all sales recommended.,High Decrease
2026-03-04,Economic News,The price of key commodity 'Z' swung by 29% this week based on unverified market gossip and speculation.,High Volatility
2026-03-05,Regulatory News,New government regulation effective next month bans the use of our primary additive in all products. Massive product overhaul required.,High Decrease
2026-03-06,Analyst Report,Customer satisfaction survey results show a record high score of 95% in Q4. Positive sentiment across all regions.,High Increase
2026-03-07,News Headline,"Following a global health announcement, demand for our specialized product line 30 has doubled overnight.",High Increase
2026-03-08,News Headline,"Following a global health announcement, demand for our specialized product line 27 has doubled overnight.",High Increase
2026-03-09,Analyst Report,Customer satisfaction survey results show a record high score of 95% in Q1. Positive sentiment across all regions.,High Increase
2026-03-10,Regulatory News,New government regulation effective next month bans the use of our primary additive in all products. Massive product overhaul required.,High Decrease
2026-03-11,Regulatory News,New government regulation effective next month bans the use of our primary additive in all products. Massive product overhaul required.,High Decrease
2026-03-12,News Headline,Major class-action lawsuit filed citing product defect in batch 28. Immediate suspension of all sales recommended.,High Decrease
2026-03-13,Analyst Report,Customer satisfaction survey results show a record high score of 95% in Q2. Positive sentiment across all regions.,High Increase
2026-03-14,News Headline,Major class-action lawsuit filed citing product defect in batch 32. Immediate suspension of all sales recommended.,High Decrease
2026-03-15,News Headline,"Following a global health announcement, demand for our specialized product line 9 has doubled overnight.",High Increase
2026-03-16,News Headline,Major class-action lawsuit filed citing product defect in batch 49. Immediate suspension of all sales recommended.,High Decrease
2026-03-17,News Headline,"Following a global health announcement, demand for our specialized product line 20 has doubled overnight.",High Increase
2026-03-18,News Headline,"Following a global health announcement, demand for our specialized product line 24 has doubled overnight.",High Increase
2026-03-19,Analyst Report,Customer satisfaction survey results show a record high score of 95% in Q3. Positive sentiment across all regions.,High Increase
2026-03-20,Regulatory News,New government regulation effective next month bans the use of our primary additive in all products. Massive product overhaul required.,High Decrease
2026-03-21,Economic News,The price of key commodity 'Z' swung by 28% this week based on unverified market gossip and speculation.,High Volatility
2026-03-22,News Headline,Major class-action lawsuit filed citing product defect in batch 7. Immediate suspension of all sales recommended.,High Decrease
2026-03-23,News Headline,"Following a global health announcement, demand for our specialized product line 33 has doubled overnight.",High Increase
2026-03-24,News Headline,"Following a global health announcement, demand for our specialized product line 29 has doubled overnight.",High Increase
2026-03-25,Analyst Report,Customer satisfaction survey results show a record high score of 95% in Q4. Positive sentiment across all regions.,High Increase
2026-03-26,News Headline,"The CEO released a cryptic public statement suggesting a 'paradigm shift' but provided no details, causing market panic.",High Volatility
2026-03-27,Supplier E-mail,"Extreme weather event in region 3 is forecasted, potentially impacting logistics for an indeterminate time.",High Volatility
2026-03-28,Analyst Report,Customer satisfaction survey results show a record high score of 95% in Q2. Positive sentiment across all regions.,High Increase
2026-03-29,Analyst Report,Customer satisfaction survey results show a record high score of 95% in Q3. Positive sentiment across all regions.,High Increase
2026-03-30,Regulatory News,New government regulation effective next month bans the use of our primary additive in all products. Massive product overhaul required.,High Decrease
2026-03-31,Regulatory News,New government regulation effective next month bans the use of our primary additive in all products. Massive product overhaul required.,High Decrease
2026-04-01,News Headline,Major class-action lawsuit filed citing product defect in batch 35. Immediate suspension of all sales recommended.,High Decrease
2026-04-02,News Headline,Major class-action lawsuit filed citing product defect in batch 45. Immediate suspension of all sales recommended.,High Decrease
2026-04-03,News Headline,"Following a global health announcement, demand for our specialized product line 45 has doubled overnight.",High Increase
2026-04-04,News Headline,Major class-action lawsuit filed citing product defect in batch 41. Immediate suspension of all sales recommended.,High Decrease
2026-04-05,Analyst Report,"Unknown foreign entity purchased a 15% stake in the company overnight, leading to extreme stock price fluctuations and high uncertainty.",High Volatility
2026-04-06,News Headline,"Following a global health announcement, demand for our specialized product line 14 has doubled overnight.",High Increase
2026-04-07,Analyst Report,Customer satisfaction survey results show a record high score of 95% in Q1. Positive sentiment across all regions.,High Increase
2026-04-08,News Headline,Major class-action lawsuit filed citing product defect in batch 24. Immediate suspension of all sales recommended.,High Decrease
2026-04-09,News Headline,"Following a global health announcement, demand for our specialized product line 7 has doubled overnight.",High Increase
2026-04-10,Regulatory News,New government regulation effective next month bans the use of our primary additive in all products. Massive product overhaul required.,High Decrease
2026-04-11,Analyst Report,Customer satisfaction survey results show a record high score of 95% in Q4. Positive sentiment across all regions.,High Increase
2026-04-12,Economic News,The price of key commodity 'Z' swung by 20% this week based on unverified market gossip and speculation.,High Volatility
2026-04-13,Analyst Report,Customer satisfaction survey results show a record high score of 95% in Q1. Positive sentiment across all regions.,High Increase
2026-04-14,News Headline,"Following a global health announcement, demand for our specialized product line 4 has doubled overnight.",High Increase
2026-04-15,News Headline,"Following a global health announcement, demand for our specialized product line 39 has doubled overnight.",High Increase
2026-04-16,News Headline,"Following a global health announcement, demand for our specialized product line 31 has doubled overnight.",High Increase
2026-04-17,Economic News,The price of key commodity 'Z' swung by 34% this week based on unverified market gossip and speculation.,High Volatility
2026-04-18,Regulatory News,New government regulation effective next month bans the use of our primary additive in all products. Massive product overhaul required.,High Decrease
2026-04-19,News Headline,"The CEO released a cryptic public statement suggesting a 'paradigm shift' but provided no details, causing market panic.",High Volatility
2026-04-20,Regulatory News,New government regulation effective next month bans the use of our primary additive in all products. Massive product overhaul required.,High Decrease
2026-04-21,News Headline,"Following a global health announcement, demand for our specialized product line 11 has doubled overnight.",High Increase
2026-04-22,Economic News,The price of key commodity 'Z' swung by 21% this week based on unverified market gossip and speculation.,High Volatility
2026-04-23,News Headline,"The CEO released a cryptic public statement suggesting a 'paradigm shift' but provided no details, causing market panic.",High Volatility
2026-04-24,Analyst Report,"Unknown foreign entity purchased a 15% stake in the company overnight, leading to extreme stock price fluctuations and high uncertainty.",High Volatility
2026-04-25,Regulatory News,New government regulation effective next month bans the use of our primary additive in all products. Massive product overhaul required.,High Decrease
2026-04-26,News Headline,Major class-action lawsuit filed citing product defect in batch 27. Immediate suspension of all sales recommended.,High Decrease
2026-04-27,News Headline,"Following a global health announcement, demand for our specialized product line 37 has doubled overnight.",High Increase
2026-04-28,Regulatory News,New government regulation effective next month bans the use of our primary additive in all products. Massive product overhaul required.,High Decrease
2026-04-29,Supplier E-mail,"Extreme weather event in region 1 is forecasted, potentially impacting logistics for an indeterminate time.",High Volatility
2026-04-30,News Headline,"Following a global health announcement, demand for our specialized product line 21 has doubled overnight.",High Increase
2026-05-01,Economic News,The price of key commodity 'Z' swung by 26% this week based on unverified market gossip and speculation.,High Volatility
2026-05-02,Analyst Report,Customer satisfaction survey results show a record high score of 95% in Q1. Positive sentiment across all regions.,High Increase
2026-05-03,Supplier E-mail,"Extreme weather event in region 2 is forecasted, potentially impacting logistics for an indeterminate time.",High Volatility
2026-05-04,Economic News,The price of key commodity 'Z' swung by 28% this week based on unverified market gossip and speculation.,High Volatility
2026-05-05,Supplier E-mail,"Extreme weather event in region 4 is forecasted, potentially impacting logistics for an indeterminate time.",High Volatility
2026-05-06,Analyst Report,Customer satisfaction survey results show a record high score of 95% in Q4. Positive sentiment across all regions.,High Increase
2026-05-07,Regulatory News,New government regulation effective next month bans the use of our primary additive in all products. Massive product overhaul required.,High Decrease
2026-05-08,News Headline,"Following a global health announcement, demand for our specialized product line 22 has doubled overnight.",High Increase
2026-05-09,News Headline,Major class-action lawsuit filed citing product defect in batch 29. Immediate suspension of all sales recommended.,High Decrease
2026-05-10,Analyst Report,Customer satisfaction survey results show a record high score of 95% in Q3. Positive sentiment across all regions.,High Increase
2026-05-11,News Headline,"Following a global health announcement, demand for our specialized product line 16 has doubled overnight.",High Increase
2026-05-12,Supplier E-mail,"Extreme weather event in region 2 is forecasted, potentially impacting logistics for an indeterminate time.",High Volatility
2026-05-13,Analyst Report,"Unknown foreign entity purchased a 15% stake in the company overnight, leading to extreme stock price fluctuations and high uncertainty.",High Volatility
2026-05-14,News Headline,Major class-action lawsuit filed citing product defect in batch 31. Immediate suspension of all sales recommended.,High Decrease
2026-05-15,Analyst Report,Customer satisfaction survey results show a record high score of 95% in Q3. Positive sentiment across all regions.,High Increase
2026-05-16,Economic News,The price of key commodity 'Z' swung by 24% this week based on unverified market gossip and speculation.,High Volatility
2026-05-17,Regulatory News,New government regulation effective next month bans the use of our primary additive in all products. Massive product overhaul required.,High Decrease
2026-05-18,Supplier E-mail,"Extreme weather event in region 1 is forecasted, potentially impacting logistics for an indeterminate time.",High Volatility
2026-05-19,Analyst Report,Customer satisfaction survey results show a record high score of 95% in Q2. Positive sentiment across all regions.,High Increase
2026-05-20,Analyst Report,Customer satisfaction survey results show a record high score of 95% in Q2. Positive sentiment across all regions.,High Increase
2026-05-21,Regulatory News,New government regulation effective next month bans the use of our primary additive in all products. Massive product overhaul required.,High Decrease
2026-05-22,Supplier E-mail,"Extreme weather event in region 3 is forecasted, potentially impacting logistics for an indeterminate time.",High Volatility
2026-05-23,News Headline,"Following a global health announcement, demand for our specialized product line 19 has doubled overnight.",High Increase
2026-05-24,News Headline,Major class-action lawsuit filed citing product defect in batch 23. Immediate suspension of all sales recommended.,High Decrease
2026-05-25,Analyst Report,"Unknown foreign entity purchased a 15% stake in the company overnight, leading to extreme stock price fluctuations and high uncertainty.",High Volatility
2026-05-26,Analyst Report,Customer satisfaction survey results show a record high score of 95% in Q1. Positive sentiment across all regions.,High Increase
2026-05-27,News Headline,"Following a global health announcement, demand for our specialized product line 50 has doubled overnight.",High Increase
2026-05-28,Analyst Report,Customer satisfaction survey results show a record high score of 95% in Q1. Positive sentiment across all regions.,High Increase
2026-05-29,Supplier E-mail,"Extreme weather event in region 1 is forecasted, potentially impacting logistics for an indeterminate time.",High Volatility
2026-05-30,Regulatory News,New government regulation effective next month bans the use of our primary additive in all products. Massive product overhaul required.,High Decrease
2026-05-31,News Headline,"Following a global health announcement, demand for our specialized product line 40 has doubled overnight.",High Increase
2026-06-01,Economic News,The price of key commodity 'Z' swung by 31% this week based on unverified market gossip and speculation.,High Volatility
2026-06-02,Regulatory News,New government regulation effective next month bans the use of our primary additive in all products. Massive product overhaul required.,High Decrease
2026-06-03,Regulatory News,New government regulation effective next month bans the use of our primary additive in all products. Massive product overhaul required.,High Decrease
2026-06-04,Analyst Report,Customer satisfaction survey results show a record high score of 95% in Q3. Positive sentiment across all regions.,High Increase
2026-06-05,News Headline,Major class-action lawsuit filed citing product defect in batch 16. Immediate suspension of all sales recommended.,High Decrease
2026-06-06,News Headline,Major class-action lawsuit filed citing product defect in batch 6. Immediate suspension of all sales recommended.,High Decrease
2026-06-07,News Headline,Major class-action lawsuit filed citing product defect in batch 13. Immediate suspension of all sales recommended.,High Decrease
2026-06-08,Regulatory News,New government regulation effective next month bans the use of our primary additive in all products. Massive product overhaul required.,High Decrease
2026-06-09,News Headline,Major class-action lawsuit filed citing product defect in batch 22. Immediate suspension of all sales recommended.,High Decrease
2026-06-10,Analyst Report,Customer satisfaction survey results show a record high score of 95% in Q3. Positive sentiment across all regions.,High Increase
2026-06-11,Analyst Report,Customer satisfaction survey results show a record high score of 95% in Q4. Positive sentiment across all regions.,High Increase
2026-06-12,Analyst Report,Customer satisfaction survey results show a record high score of 95% in Q1. Positive sentiment across all regions.,High Increase
2026-06-13,Regulatory News,New government regulation effective next month bans the use of our primary additive in all products. Massive product overhaul required.,High Decrease
2026-06-14,News Headline,"The CEO released a cryptic public statement suggesting a 'paradigm shift' but provided no details, causing market panic.",High Volatility
2026-06-15,Analyst Report,"Unknown foreign entity purchased a 15% stake in the company overnight, leading to extreme stock price fluctuations and high uncertainty.",High Volatility
2026-06-16,News Headline,"The CEO released a cryptic public statement suggesting a 'paradigm shift' but provided no details, causing market panic.",High Volatility
2026-06-17,Analyst Report,Customer satisfaction survey results show a record high score of 95% in Q1. Positive sentiment across all regions.,High Increase
2026-06-18,Regulatory News,New government regulation effective next month bans the use of our primary additive in all products. Massive product overhaul required.,High Decrease
2026-06-19,Analyst Report,"Unknown foreign entity purchased a 15% stake in the company overnight, leading to extreme stock price fluctuations and high uncertainty.",High Volatility
2026-06-20,News Headline,"The CEO released a cryptic public statement suggesting a 'paradigm shift' but provided no details, causing market panic.",High Volatility
2026-06-21,News Headline,Major class-action lawsuit filed citing product defect in batch 11. Immediate suspension of all sales recommended.,High Decrease
2026-06-22,Analyst Report,"Unknown foreign entity purchased a 15% stake in the company overnight, leading to extreme stock price fluctuations and high uncertainty.",High Volatility
2026-06-23,Regulatory News,New government regulation effective next month bans the use of our primary additive in all products. Massive product overhaul required.,High Decrease
2026-06-24,Analyst Report,"Unknown foreign entity purchased a 15% stake in the company overnight, leading to extreme stock price fluctuations and high uncertainty.",High Volatility
2026-06-25,Analyst Report,"Unknown foreign entity purchased a 15% stake in the company overnight, leading to extreme stock price fluctuations and high uncertainty.",High Volatility
2026-06-26,News Headline,"Following a global health announcement, demand for our specialized product line 8 has doubled overnight.",High Increase
2026-06-27,News Headline,Major class-action lawsuit filed citing product defect in batch 42. Immediate suspension of all sales recommended.,High Decrease
2026-06-28,Analyst Report,Customer satisfaction survey results show a record high score of 95% in Q3. Positive sentiment across all regions.,High Increase
